Date,Category,Daily_Sales,Customer_Review
2024-01-01,Electronics,567.62,"Absolutely love this product, works great and arrived fast!"
2024-01-02,Beauty,531.15,"Average quality, nothing special but works fine."
2024-01-03,Electronics,565.57,"Disappointed with the quality, broke after a week."
2024-01-04,Electronics,550.97,"The product is okay, does what it says."
2024-01-05,Home & Kitchen,453.92,"Terrible experience, product stopped working quickly."
2024-01-06,Beauty,455.97,"Terrible experience, product stopped working quickly."
2024-01-07,Electronics,470.31,"Not worth the money, would not recommend."
2024-01-08,Electronics,449.93,"Fantastic product, exactly as described."
2024-01-09,Home & Kitchen,610.59,"Absolutely love this product, works great and arrived fast!"
2024-01-10,Sports,608.35,"The product is okay, does what it says."
2024-01-11,Electronics,529.69,"Average quality, nothing special but works fine."
2024-01-12,Home & Kitchen,498.62,"The product is okay, does what it says."
2024-01-13,Electronics,496.06,"Great quality for the price, highly recommend."
2024-01-14,Beauty,479.8,"Fantastic product, exactly as described."
2024-01-15,Clothing,530.27,"Absolutely love this product, works great and arrived fast!"
2024-01-16,Clothing,531.56,"Excellent purchase, exceeded my expectations."
2024-01-17,Home & Kitchen,626.25,"Disappointed with the quality, broke after a week."
2024-01-18,Home & Kitchen,579.33,"Excellent purchase, exceeded my expectations."
2024-01-19,Electronics,536.05,"Fantastic product, exactly as described."
2024-01-20,Clothing,434.3,"Fantastic product, exactly as described."
2024-01-21,Sports,575.71,Poor packaging and the item arrived damaged.
2024-01-22,Beauty,565.49,"Fantastic product, exactly as described."
2024-01-23,Clothing,593.45,"The product is okay, does what it says."
2024-01-24,Home & Kitchen,704.37,"The product is okay, does what it says."
2024-01-25,Electronics,591.6,"It's fine for the price, no complaints."
2024-01-26,Clothing,485.98,"Fantastic product, exactly as described."
2024-01-27,Sports,497.97,"It's fine for the price, no complaints."
2024-01-28,Electronics,436.85,"Very happy with this, will buy again."
2024-01-29,Sports,619.86,"Great quality for the price, highly recommend."
2024-01-30,Beauty,610.72,"Very happy with this, will buy again."
2024-01-31,Home & Kitchen,611.81,"Average quality, nothing special but works fine."
2024-02-01,Clothing,654.49,"The product is okay, does what it says."
2024-02-02,Electronics,495.99,"Fantastic product, exactly as described."
2024-02-03,Clothing,553.47,Poor packaging and the item arrived damaged.
2024-02-04,Beauty,463.53,"Average quality, nothing special but works fine."
2024-02-05,Clothing,568.97,"Average quality, nothing special but works fine."
2024-02-06,Beauty,596.61,"Average quality, nothing special but works fine."
2024-02-07,Electronics,717.23,"Very happy with this, will buy again."
2024-02-08,Beauty,699.3,"Great quality for the price, highly recommend."
2024-02-09,Sports,565.74,Poor packaging and the item arrived damaged.
2024-02-10,Beauty,582.39,"It's fine for the price, no complaints."
2024-02-11,Electronics,555.43,"Absolutely love this product, works great and arrived fast!"
2024-02-12,Electronics,634.51,Poor packaging and the item arrived damaged.
2024-02-13,Electronics,630.81,"Very happy with this, will buy again."
2024-02-14,Electronics,606.36,"Fantastic product, exactly as described."
2024-02-15,Beauty,572.27,"Excellent purchase, exceeded my expectations."
2024-02-16,Clothing,609.78,"Fantastic product, exactly as described."
2024-02-17,Beauty,654.0,"Average quality, nothing special but works fine."
2024-02-18,Clothing,588.52,"Fantastic product, exactly as described."
2024-02-19,Clothing,605.7,"Fantastic product, exactly as described."
2024-02-20,Sports,752.08,"Average quality, nothing special but works fine."
2024-02-21,Sports,698.64,"Great quality for the price, highly recommend."
2024-02-22,Electronics,662.68,"Average quality, nothing special but works fine."
2024-02-23,Beauty,618.55,"It's fine for the price, no complaints."
2024-02-24,Home & Kitchen,572.56,"Absolutely love this product, works great and arrived fast!"
2024-02-25,Electronics,578.89,"Great quality for the price, highly recommend."
2024-02-26,Home & Kitchen,582.57,"Very happy with this, will buy again."
2024-02-27,Electronics,708.69,"Absolutely love this product, works great and arrived fast!"
2024-02-28,Clothing,698.14,"Excellent purchase, exceeded my expectations."
2024-02-29,Sports,718.87,"Absolutely love this product, works great and arrived fast!"
2024-03-01,Beauty,605.97,"Not worth the money, would not recommend."
2024-03-02,Electronics,513.61,"Great quality for the price, highly recommend."
2024-03-03,Home & Kitchen,599.04,"It's fine for the price, no complaints."
2024-03-04,Electronics,719.44,"It's fine for the price, no complaints."
2024-03-05,Sports,684.52,"Not worth the money, would not recommend."
2024-03-06,Home & Kitchen,677.3,"Excellent purchase, exceeded my expectations."
2024-03-07,Home & Kitchen,634.09,"Excellent purchase, exceeded my expectations."
2024-03-08,Electronics,589.14,"Very happy with this, will buy again."
2024-03-09,Electronics,588.0,"Very happy with this, will buy again."
2024-03-10,Home & Kitchen,565.68,"Excellent purchase, exceeded my expectations."
2024-03-11,Clothing,720.94,"Great quality for the price, highly recommend."
2024-03-12,Beauty,697.84,"Absolutely love this product, works great and arrived fast!"
2024-03-13,Clothing,726.24,"It's fine for the price, no complaints."
2024-03-14,Clothing,748.08,"Absolutely love this product, works great and arrived fast!"
2024-03-15,Electronics,699.7,"Terrible experience, product stopped working quickly."
2024-03-16,Clothing,599.63,"Excellent purchase, exceeded my expectations."
2024-03-17,Sports,634.0,"It's fine for the price, no complaints."
2024-03-18,Electronics,697.98,"Absolutely love this product, works great and arrived fast!"
2024-03-19,Beauty,708.68,"Average quality, nothing special but works fine."
2024-03-20,Electronics,657.72,"Fantastic product, exactly as described."
2024-03-21,Sports,723.39,"Average quality, nothing special but works fine."
2024-03-22,Clothing,681.69,"Fantastic product, exactly as described."
2024-03-23,Electronics,630.8,"Very happy with this, will buy again."
2024-03-24,Beauty,589.52,"Great quality for the price, highly recommend."
2024-03-25,Sports,666.17,"Not worth the money, would not recommend."
2024-03-26,Electronics,697.9,"Absolutely love this product, works great and arrived fast!"
2024-03-27,Electronics,721.68,"The product is okay, does what it says."
2024-03-28,Electronics,753.6,"Average quality, nothing special but works fine."
2024-03-29,Clothing,711.31,"Terrible experience, product stopped working quickly."
2024-03-30,Sports,644.86,"Fantastic product, exactly as described."
2024-03-31,Sports,652.0,"Terrible experience, product stopped working quickly."
2024-04-01,Clothing,704.36,"Excellent purchase, exceeded my expectations."
2024-04-02,Electronics,724.01,"Excellent purchase, exceeded my expectations."
2024-04-03,Home & Kitchen,733.31,"Great quality for the price, highly recommend."
2024-04-04,Home & Kitchen,677.13,"Absolutely love this product, works great and arrived fast!"
2024-04-05,Electronics,649.93,"Fantastic product, exactly as described."
2024-04-06,Home & Kitchen,710.21,"Absolutely love this product, works great and arrived fast!"
2024-04-07,Sports,666.23,"Great quality for the price, highly recommend."
2024-04-08,Electronics,664.72,"Very happy with this, will buy again."
2024-04-09,Clothing,706.42,"Average quality, nothing special but works fine."
2024-04-10,Beauty,702.24,"Very happy with this, will buy again."
2024-04-11,Electronics,719.23,"Very happy with this, will buy again."
2024-04-12,Electronics,667.7,"Fantastic product, exactly as described."
2024-04-13,Electronics,561.66,"Absolutely love this product, works great and arrived fast!"
2024-04-14,Beauty,650.19,"Great quality for the price, highly recommend."
2024-04-15,Electronics,654.58,"Great quality for the price, highly recommend."
2024-04-16,Electronics,781.02,"Disappointed with the quality, broke after a week."
2024-04-17,Home & Kitchen,741.44,"Great quality for the price, highly recommend."
2024-04-18,Beauty,771.0,"Excellent purchase, exceeded my expectations."
2024-04-19,Beauty,631.45,"Terrible experience, product stopped working quickly."
2024-04-20,Clothing,605.3,"Great quality for the price, highly recommend."
2024-04-21,Sports,639.86,"Average quality, nothing special but works fine."
2024-04-22,Electronics,716.44,"It's fine for the price, no complaints."
2024-04-23,Clothing,743.13,"Excellent purchase, exceeded my expectations."
2024-04-24,Clothing,682.08,"It's fine for the price, no complaints."
2024-04-25,Home & Kitchen,705.57,"Absolutely love this product, works great and arrived fast!"
2024-04-26,Electronics,646.33,Poor packaging and the item arrived damaged.
2024-04-27,Electronics,595.03,"Average quality, nothing special but works fine."
2024-04-28,Sports,597.03,"Fantastic product, exactly as described."
2024-04-29,Clothing,738.91,"Excellent purchase, exceeded my expectations."
2024-04-30,Clothing,699.4,"It's fine for the price, no complaints."
2024-05-01,Sports,691.82,"Fantastic product, exactly as described."
2024-05-02,Clothing,717.7,"Fantastic product, exactly as described."
2024-05-03,Clothing,644.35,"Excellent purchase, exceeded my expectations."
2024-05-04,Home & Kitchen,602.58,"Disappointed with the quality, broke after a week."
2024-05-05,Electronics,647.35,"Absolutely love this product, works great and arrived fast!"
2024-05-06,Electronics,681.42,"Not worth the money, would not recommend."
2024-05-07,Home & Kitchen,722.11,"Terrible experience, product stopped working quickly."
2024-05-08,Clothing,756.57,"Excellent purchase, exceeded my expectations."
2024-05-09,Electronics,695.64,"Very happy with this, will buy again."
2024-05-10,Clothing,606.28,"Absolutely love this product, works great and arrived fast!"
2024-05-11,Home & Kitchen,582.69,"Great quality for the price, highly recommend."
2024-05-12,Beauty,586.58,"Absolutely love this product, works great and arrived fast!"
2024-05-13,Clothing,661.34,"The product is okay, does what it says."
2024-05-14,Electronics,655.33,"The product is okay, does what it says."
2024-05-15,Beauty,635.3,"Fantastic product, exactly as described."
2024-05-16,Electronics,678.18,"Not worth the money, would not recommend."
2024-05-17,Beauty,567.62,"Excellent purchase, exceeded my expectations."
2024-05-18,Electronics,508.99,"It's fine for the price, no complaints."
2024-05-19,Sports,612.02,"Terrible experience, product stopped working quickly."
2024-05-20,Beauty,613.95,"Not worth the money, would not recommend."
2024-05-21,Clothing,707.52,"Very happy with this, will buy again."
2024-05-22,Clothing,676.36,"Very happy with this, will buy again."
2024-05-23,Home & Kitchen,618.57,"Excellent purchase, exceeded my expectations."
2024-05-24,Home & Kitchen,559.92,"Great quality for the price, highly recommend."
2024-05-25,Home & Kitchen,554.86,"Great quality for the price, highly recommend."
2024-05-26,Home & Kitchen,574.33,Poor packaging and the item arrived damaged.
2024-05-27,Electronics,597.44,"Absolutely love this product, works great and arrived fast!"
2024-05-28,Clothing,664.22,"It's fine for the price, no complaints."
2024-05-29,Beauty,623.76,"Very happy with this, will buy again."
2024-05-30,Clothing,651.45,"Great quality for the price, highly recommend."
2024-05-31,Sports,525.16,"Absolutely love this product, works great and arrived fast!"
2024-06-01,Home & Kitchen,554.77,"Very happy with this, will buy again."
2024-06-02,Clothing,600.06,Poor packaging and the item arrived damaged.
2024-06-03,Sports,660.79,"Very happy with this, will buy again."
2024-06-04,Clothing,730.61,"The product is okay, does what it says."
2024-06-05,Home & Kitchen,609.37,"Excellent purchase, exceeded my expectations."
2024-06-06,Home & Kitchen,667.48,"Absolutely love this product, works great and arrived fast!"
2024-06-07,Beauty,631.28,"Absolutely love this product, works great and arrived fast!"
2024-06-08,Electronics,587.72,"Fantastic product, exactly as described."
2024-06-09,Sports,520.84,Poor packaging and the item arrived damaged.
2024-06-10,Home & Kitchen,619.29,"Very happy with this, will buy again."
2024-06-11,Clothing,722.02,"The product is okay, does what it says."
2024-06-12,Clothing,597.19,"Average quality, nothing special but works fine."
2024-06-13,Sports,641.53,"Absolutely love this product, works great and arrived fast!"
2024-06-14,Sports,612.74,"The product is okay, does what it says."
2024-06-15,Home & Kitchen,505.76,"Fantastic product, exactly as described."
2024-06-16,Clothing,566.34,"Fantastic product, exactly as described."
2024-06-17,Sports,544.91,"Very happy with this, will buy again."
2024-06-18,Electronics,599.96,"Very happy with this, will buy again."
2024-06-19,Electronics,609.13,"It's fine for the price, no complaints."
2024-06-20,Clothing,614.82,"Absolutely love this product, works great and arrived fast!"
2024-06-21,Home & Kitchen,549.19,"Fantastic product, exactly as described."
2024-06-22,Electronics,556.29,"Great quality for the price, highly recommend."
2024-06-23,Electronics,489.85,"Excellent purchase, exceeded my expectations."
2024-06-24,Electronics,566.87,"Not worth the money, would not recommend."
2024-06-25,Electronics,655.21,"The product is okay, does what it says."
2024-06-26,Electronics,648.52,Poor packaging and the item arrived damaged.
2024-06-27,Electronics,538.37,"The product is okay, does what it says."
2024-06-28,Electronics,563.62,"It's fine for the price, no complaints."
2024-06-29,Clothing,483.14,"Absolutely love this product, works great and arrived fast!"
2024-06-30,Electronics,527.0,"Absolutely love this product, works great and arrived fast!"
2024-07-01,Beauty,568.24,"It's fine for the price, no complaints."
2024-07-02,Clothing,649.62,"Excellent purchase, exceeded my expectations."
2024-07-03,Electronics,614.81,"Excellent purchase, exceeded my expectations."
2024-07-04,Home & Kitchen,501.25,"Excellent purchase, exceeded my expectations."
2024-07-05,Beauty,466.27,"Very happy with this, will buy again."
2024-07-06,Clothing,515.57,"Fantastic product, exactly as described."
2024-07-07,Electronics,485.31,"Not worth the money, would not recommend."
2024-07-08,Home & Kitchen,585.8,"Fantastic product, exactly as described."
2024-07-09,Beauty,595.87,"Great quality for the price, highly recommend."
2024-07-10,Sports,564.3,Poor packaging and the item arrived damaged.
2024-07-11,Home & Kitchen,602.84,"Fantastic product, exactly as described."
2024-07-12,Home & Kitchen,472.94,"Fantastic product, exactly as described."
2024-07-13,Clothing,388.43,Poor packaging and the item arrived damaged.
2024-07-14,Electronics,562.45,"It's fine for the price, no complaints."
2024-07-15,Electronics,448.16,"Average quality, nothing special but works fine."
2024-07-16,Beauty,594.75,"Terrible experience, product stopped working quickly."
2024-07-17,Home & Kitchen,616.24,"Excellent purchase, exceeded my expectations."
2024-07-18,Clothing,549.92,"It's fine for the price, no complaints."
2024-07-19,Electronics,422.46,"Great quality for the price, highly recommend."
2024-07-20,Clothing,495.78,"Very happy with this, will buy again."
2024-07-21,Beauty,406.95,"The product is okay, does what it says."
2024-07-22,Electronics,455.65,"The product is okay, does what it says."
2024-07-23,Electronics,539.72,Poor packaging and the item arrived damaged.
2024-07-24,Clothing,595.22,"Average quality, nothing special but works fine."
2024-07-25,Clothing,541.13,"Excellent purchase, exceeded my expectations."
2024-07-26,Home & Kitchen,507.43,"Not worth the money, would not recommend."
2024-07-27,Home & Kitchen,422.74,"Great quality for the price, highly recommend."
2024-07-28,Clothing,443.16,"Great quality for the price, highly recommend."
2024-07-29,Sports,449.46,"Excellent purchase, exceeded my expectations."
2024-07-30,Beauty,527.19,"Disappointed with the quality, broke after a week."
2024-07-31,Electronics,573.21,"Very happy with this, will buy again."
2024-08-01,Electronics,503.08,"Not worth the money, would not recommend."
2024-08-02,Clothing,480.1,"Terrible experience, product stopped working quickly."
2024-08-03,Electronics,403.79,"Average quality, nothing special but works fine."
2024-08-04,Beauty,412.73,"Excellent purchase, exceeded my expectations."
2024-08-05,Beauty,483.05,"Great quality for the price, highly recommend."
2024-08-06,Clothing,518.76,"Disappointed with the quality, broke after a week."
2024-08-07,Sports,560.04,"The product is okay, does what it says."
2024-08-08,Home & Kitchen,509.23,"Fantastic product, exactly as described."
2024-08-09,Electronics,517.9,"It's fine for the price, no complaints."
2024-08-10,Home & Kitchen,405.32,"Not worth the money, would not recommend."
2024-08-11,Home & Kitchen,414.89,"The product is okay, does what it says."
2024-08-12,Home & Kitchen,427.62,Poor packaging and the item arrived damaged.
2024-08-13,Sports,515.41,"Very happy with this, will buy again."
2024-08-14,Sports,551.79,"Average quality, nothing special but works fine."
2024-08-15,Clothing,460.82,"Fantastic product, exactly as described."
2024-08-16,Clothing,434.83,"Very happy with this, will buy again."
2024-08-17,Electronics,431.58,Poor packaging and the item arrived damaged.
2024-08-18,Clothing,407.86,Poor packaging and the item arrived damaged.
2024-08-19,Electronics,437.63,"Absolutely love this product, works great and arrived fast!"
2024-08-20,Electronics,542.8,"Absolutely love this product, works great and arrived fast!"
2024-08-21,Beauty,517.96,"Absolutely love this product, works great and arrived fast!"
2024-08-22,Electronics,496.12,"Absolutely love this product, works great and arrived fast!"
2024-08-23,Electronics,473.73,"Fantastic product, exactly as described."
2024-08-24,Home & Kitchen,438.94,"Average quality, nothing special but works fine."
2024-08-25,Home & Kitchen,389.58,"Absolutely love this product, works great and arrived fast!"
2024-08-26,Clothing,428.15,"Fantastic product, exactly as described."
2024-08-27,Beauty,506.27,"Very happy with this, will buy again."
2024-08-28,Electronics,500.03,"Very happy with this, will buy again."
2024-08-29,Electronics,395.78,"Excellent purchase, exceeded my expectations."
2024-08-30,Clothing,469.66,"Very happy with this, will buy again."
2024-08-31,Electronics,385.92,"Not worth the money, would not recommend."
2024-09-01,Home & Kitchen,425.2,"Excellent purchase, exceeded my expectations."
2024-09-02,Sports,394.79,"Not worth the money, would not recommend."
2024-09-03,Beauty,539.23,Poor packaging and the item arrived damaged.
2024-09-04,Sports,474.88,"Not worth the money, would not recommend."
2024-09-05,Electronics,460.81,"Not worth the money, would not recommend."
2024-09-06,Clothing,356.2,"Absolutely love this product, works great and arrived fast!"
2024-09-07,Sports,372.37,"Excellent purchase, exceeded my expectations."
2024-09-08,Beauty,380.72,"Absolutely love this product, works great and arrived fast!"
2024-09-09,Home & Kitchen,428.74,"Fantastic product, exactly as described."
2024-09-10,Home & Kitchen,499.97,"Absolutely love this product, works great and arrived fast!"
2024-09-11,Electronics,495.85,Poor packaging and the item arrived damaged.
2024-09-12,Electronics,499.45,"It's fine for the price, no complaints."
2024-09-13,Electronics,389.13,"Excellent purchase, exceeded my expectations."
2024-09-14,Sports,335.09,"Excellent purchase, exceeded my expectations."
2024-09-15,Clothing,385.33,"Terrible experience, product stopped working quickly."
2024-09-16,Sports,457.76,"Excellent purchase, exceeded my expectations."
2024-09-17,Electronics,528.99,"It's fine for the price, no complaints."
2024-09-18,Beauty,523.05,"Very happy with this, will buy again."
2024-09-19,Home & Kitchen,387.17,"The product is okay, does what it says."
2024-09-20,Electronics,420.6,"Great quality for the price, highly recommend."
2024-09-21,Home & Kitchen,431.31,"Great quality for the price, highly recommend."
2024-09-22,Home & Kitchen,386.86,"It's fine for the price, no complaints."
2024-09-23,Home & Kitchen,410.55,"Very happy with this, will buy again."
2024-09-24,Home & Kitchen,490.44,"Very happy with this, will buy again."
2024-09-25,Home & Kitchen,469.55,"Great quality for the price, highly recommend."
2024-09-26,Beauty,482.84,"Not worth the money, would not recommend."
2024-09-27,Clothing,404.79,"Great quality for the price, highly recommend."
2024-09-28,Sports,428.72,"Excellent purchase, exceeded my expectations."
2024-09-29,Clothing,404.75,"Disappointed with the quality, broke after a week."
2024-09-30,Electronics,402.96,"Fantastic product, exactly as described."
2024-10-01,Sports,503.3,"Average quality, nothing special but works fine."
2024-10-02,Electronics,528.46,"It's fine for the price, no complaints."
2024-10-03,Clothing,436.19,"Very happy with this, will buy again."
2024-10-04,Home & Kitchen,390.24,"It's fine for the price, no complaints."
2024-10-05,Beauty,283.06,"Terrible experience, product stopped working quickly."
2024-10-06,Clothing,423.49,"Not worth the money, would not recommend."
2024-10-07,Electronics,411.3,"Fantastic product, exactly as described."
2024-10-08,Home & Kitchen,397.42,"Very happy with this, will buy again."
2024-10-09,Home & Kitchen,423.79,"Fantastic product, exactly as described."
2024-10-10,Beauty,453.83,"Fantastic product, exactly as described."
2024-10-11,Electronics,441.84,"Absolutely love this product, works great and arrived fast!"
2024-10-12,Beauty,376.15,Poor packaging and the item arrived damaged.
2024-10-13,Beauty,410.98,"Average quality, nothing special but works fine."
2024-10-14,Sports,395.81,"The product is okay, does what it says."
2024-10-15,Beauty,434.02,"Excellent purchase, exceeded my expectations."
2024-10-16,Home & Kitchen,535.63,"Excellent purchase, exceeded my expectations."
2024-10-17,Home & Kitchen,488.41,"Disappointed with the quality, broke after a week."
2024-10-18,Beauty,416.46,"Great quality for the price, highly recommend."
2024-10-19,Electronics,437.57,"Fantastic product, exactly as described."
2024-10-20,Home & Kitchen,360.94,"Great quality for the price, highly recommend."
2024-10-21,Beauty,430.23,"Very happy with this, will buy again."
2024-10-22,Beauty,536.2,"Fantastic product, exactly as described."
2024-10-23,Electronics,581.48,"Absolutely love this product, works great and arrived fast!"
2024-10-24,Clothing,477.12,"Very happy with this, will buy again."
2024-10-25,Sports,493.22,Poor packaging and the item arrived damaged.
2024-10-26,Beauty,370.83,Poor packaging and the item arrived damaged.
2024-10-27,Electronics,421.1,"Average quality, nothing special but works fine."
2024-10-28,Clothing,449.31,"Excellent purchase, exceeded my expectations."
2024-10-29,Beauty,441.12,"Great quality for the price, highly recommend."
2024-10-30,Beauty,528.07,"It's fine for the price, no complaints."
2024-10-31,Clothing,524.16,"Disappointed with the quality, broke after a week."
2024-11-01,Electronics,430.45,"Excellent purchase, exceeded my expectations."
2024-11-02,Electronics,402.73,"Excellent purchase, exceeded my expectations."
2024-11-03,Electronics,474.52,"Disappointed with the quality, broke after a week."
2024-11-04,Electronics,417.43,"Absolutely love this product, works great and arrived fast!"
2024-11-05,Electronics,456.17,"Not worth the money, would not recommend."
2024-11-06,Home & Kitchen,503.28,"Excellent purchase, exceeded my expectations."
2024-11-07,Home & Kitchen,450.94,"Absolutely love this product, works great and arrived fast!"
2024-11-08,Clothing,502.44,"Fantastic product, exactly as described."
2024-11-09,Sports,430.4,"Average quality, nothing special but works fine."
2024-11-10,Electronics,396.96,"Average quality, nothing special but works fine."
2024-11-11,Electronics,455.81,"Not worth the money, would not recommend."
2024-11-12,Home & Kitchen,643.74,"The product is okay, does what it says."
2024-11-13,Home & Kitchen,518.5,Poor packaging and the item arrived damaged.
2024-11-14,Electronics,482.02,"Very happy with this, will buy again."
2024-11-15,Sports,474.7,"Fantastic product, exactly as described."
2024-11-16,Home & Kitchen,457.71,"Great quality for the price, highly recommend."
2024-11-17,Home & Kitchen,454.79,"Very happy with this, will buy again."
2024-11-18,Clothing,458.67,"Absolutely love this product, works great and arrived fast!"
2024-11-19,Home & Kitchen,497.77,"Disappointed with the quality, broke after a week."
2024-11-20,Electronics,581.81,"Excellent purchase, exceeded my expectations."
2024-11-21,Clothing,525.61,"Very happy with this, will buy again."
2024-11-22,Home & Kitchen,412.35,"Average quality, nothing special but works fine."
2024-11-23,Home & Kitchen,494.71,"Very happy with this, will buy again."
2024-11-24,Home & Kitchen,492.83,"Excellent purchase, exceeded my expectations."
2024-11-25,Electronics,501.47,"Great quality for the price, highly recommend."
2024-11-26,Clothing,550.01,"Excellent purchase, exceeded my expectations."
2024-11-27,Sports,583.7,"Very happy with this, will buy again."
2024-11-28,Sports,516.96,"Very happy with this, will buy again."
2024-11-29,Beauty,440.92,"Terrible experience, product stopped working quickly."
2024-11-30,Electronics,477.8,"It's fine for the price, no complaints."
2024-12-01,Electronics,421.45,"Excellent purchase, exceeded my expectations."
2024-12-02,Electronics,544.1,Poor packaging and the item arrived damaged.
2024-12-03,Beauty,520.3,"Very happy with this, will buy again."
2024-12-04,Electronics,588.16,"Fantastic product, exactly as described."
2024-12-05,Electronics,556.85,"Absolutely love this product, works great and arrived fast!"
2024-12-06,Electronics,584.15,"Very happy with this, will buy again."
2024-12-07,Beauty,440.45,"Average quality, nothing special but works fine."
2024-12-08,Home & Kitchen,440.69,"The product is okay, does what it says."
2024-12-09,Sports,521.03,"Excellent purchase, exceeded my expectations."
2024-12-10,Electronics,551.54,"Disappointed with the quality, broke after a week."
2024-12-11,Electronics,587.2,"Great quality for the price, highly recommend."
2024-12-12,Beauty,597.9,"Excellent purchase, exceeded my expectations."
2024-12-13,Electronics,562.62,"It's fine for the price, no complaints."
2024-12-14,Home & Kitchen,568.43,"It's fine for the price, no complaints."
2024-12-15,Home & Kitchen,486.94,"Absolutely love this product, works great and arrived fast!"
2024-12-16,Electronics,671.64,"Absolutely love this product, works great and arrived fast!"
2024-12-17,Electronics,695.09,"Very happy with this, will buy again."
2024-12-18,Beauty,622.06,"Fantastic product, exactly as described."
2024-12-19,Electronics,508.9,"Terrible experience, product stopped working quickly."
2024-12-20,Sports,547.99,"It's fine for the price, no complaints."
2024-12-21,Electronics,524.59,"It's fine for the price, no complaints."
2024-12-22,Electronics,444.15,"Not worth the money, would not recommend."
2024-12-23,Home & Kitchen,588.84,"Average quality, nothing special but works fine."
2024-12-24,Electronics,627.64,"The product is okay, does what it says."
2024-12-25,Sports,618.67,"Excellent purchase, exceeded my expectations."
2024-12-26,Clothing,645.57,"Disappointed with the quality, broke after a week."
2024-12-27,Electronics,611.52,"Excellent purchase, exceeded my expectations."
2024-12-28,Electronics,522.28,"Terrible experience, product stopped working quickly."
2024-12-29,Home & Kitchen,565.36,"Excellent purchase, exceeded my expectations."
2024-12-30,Sports,579.78,"Great quality for the price, highly recommend."
2024-12-31,Electronics,624.3,"Average quality, nothing special but works fine."
2025-01-01,Clothing,673.41,"Disappointed with the quality, broke after a week."
2025-01-02,Home & Kitchen,661.58,"It's fine for the price, no complaints."
2025-01-03,Home & Kitchen,568.93,"Average quality, nothing special but works fine."
2025-01-04,Beauty,473.33,"Not worth the money, would not recommend."
2025-01-05,Clothing,599.76,"Fantastic product, exactly as described."
2025-01-06,Clothing,562.25,"It's fine for the price, no complaints."
2025-01-07,Sports,680.77,"The product is okay, does what it says."
2025-01-08,Sports,761.5,"Terrible experience, product stopped working quickly."
2025-01-09,Clothing,660.05,"Great quality for the price, highly recommend."
2025-01-10,Sports,563.92,"Terrible experience, product stopped working quickly."
2025-01-11,Electronics,523.44,"Absolutely love this product, works great and arrived fast!"
2025-01-12,Beauty,643.12,"Absolutely love this product, works great and arrived fast!"
2025-01-13,Sports,645.36,"Very happy with this, will buy again."
2025-01-14,Home & Kitchen,717.35,"The product is okay, does what it says."
2025-01-15,Home & Kitchen,747.2,"Average quality, nothing special but works fine."
2025-01-16,Electronics,678.52,"Very happy with this, will buy again."
2025-01-17,Beauty,618.85,"Not worth the money, would not recommend."
2025-01-18,Home & Kitchen,563.6,"Disappointed with the quality, broke after a week."
2025-01-19,Home & Kitchen,492.54,"Very happy with this, will buy again."
2025-01-20,Home & Kitchen,604.77,"Average quality, nothing special but works fine."
2025-01-21,Electronics,712.34,"Very happy with this, will buy again."
2025-01-22,Beauty,722.41,"Very happy with this, will buy again."
2025-01-23,Home & Kitchen,715.79,"It's fine for the price, no complaints."
2025-01-24,Home & Kitchen,645.19,"Very happy with this, will buy again."
2025-01-25,Electronics,626.83,"Terrible experience, product stopped working quickly."
2025-01-26,Home & Kitchen,666.19,"Excellent purchase, exceeded my expectations."
2025-01-27,Electronics,648.81,"Very happy with this, will buy again."
2025-01-28,Beauty,722.24,"Average quality, nothing special but works fine."
2025-01-29,Electronics,683.61,"Absolutely love this product, works great and arrived fast!"
2025-01-30,Electronics,756.91,"Fantastic product, exactly as described."
2025-01-31,Electronics,670.0,"Excellent purchase, exceeded my expectations."
2025-02-01,Clothing,658.11,"The product is okay, does what it says."
2025-02-02,Sports,714.3,"Fantastic product, exactly as described."
2025-02-03,Electronics,745.16,"Excellent purchase, exceeded my expectations."
2025-02-04,Home & Kitchen,748.93,"The product is okay, does what it says."
2025-02-05,Electronics,796.85,"Great quality for the price, highly recommend."
2025-02-06,Clothing,678.0,"Fantastic product, exactly as described."
2025-02-07,Clothing,702.93,"Average quality, nothing special but works fine."
2025-02-08,Electronics,661.01,"Not worth the money, would not recommend."
2025-02-09,Clothing,604.62,"Great quality for the price, highly recommend."
2025-02-10,Clothing,772.04,"Excellent purchase, exceeded my expectations."
2025-02-11,Electronics,739.55,"Not worth the money, would not recommend."
2025-02-12,Home & Kitchen,808.86,"Very happy with this, will buy again."
2025-02-13,Electronics,734.47,"Average quality, nothing special but works fine."
2025-02-14,Sports,741.11,"Very happy with this, will buy again."
2025-02-15,Electronics,723.53,"Average quality, nothing special but works fine."
2025-02-16,Sports,651.53,"Very happy with this, will buy again."
2025-02-17,Electronics,672.5,"Absolutely love this product, works great and arrived fast!"
2025-02-18,Sports,777.41,"Excellent purchase, exceeded my expectations."
2025-02-19,Electronics,830.22,"The product is okay, does what it says."
2025-02-20,Electronics,750.92,"Terrible experience, product stopped working quickly."
2025-02-21,Electronics,691.11,"Average quality, nothing special but works fine."
2025-02-22,Home & Kitchen,704.62,"Very happy with this, will buy again."
2025-02-23,Electronics,588.09,"Absolutely love this product, works great and arrived fast!"
2025-02-24,Electronics,720.71,"Not worth the money, would not recommend."
2025-02-25,Home & Kitchen,740.65,"Great quality for the price, highly recommend."
2025-02-26,Electronics,821.15,"Terrible experience, product stopped working quickly."
2025-02-27,Home & Kitchen,749.17,"It's fine for the price, no complaints."
2025-02-28,Clothing,683.64,"Average quality, nothing special but works fine."
2025-03-01,Electronics,683.28,"Great quality for the price, highly recommend."
2025-03-02,Sports,651.9,"It's fine for the price, no complaints."
2025-03-03,Clothing,758.59,"Fantastic product, exactly as described."
2025-03-04,Clothing,780.27,"Very happy with this, will buy again."
2025-03-05,Home & Kitchen,805.55,"The product is okay, does what it says."
2025-03-06,Beauty,760.96,"Average quality, nothing special but works fine."
2025-03-07,Electronics,775.49,"Fantastic product, exactly as described."
2025-03-08,Electronics,703.56,"Not worth the money, would not recommend."
2025-03-09,Sports,741.82,"Terrible experience, product stopped working quickly."
2025-03-10,Clothing,788.23,"Very happy with this, will buy again."
2025-03-11,Home & Kitchen,784.96,"Absolutely love this product, works great and arrived fast!"
2025-03-12,Clothing,852.81,"It's fine for the price, no complaints."
2025-03-13,Beauty,812.68,"Average quality, nothing special but works fine."
2025-03-14,Clothing,760.33,"Terrible experience, product stopped working quickly."
2025-03-15,Beauty,700.46,Poor packaging and the item arrived damaged.
2025-03-16,Home & Kitchen,711.97,"Excellent purchase, exceeded my expectations."
2025-03-17,Electronics,808.38,"It's fine for the price, no complaints."
2025-03-18,Clothing,912.11,"Fantastic product, exactly as described."
2025-03-19,Beauty,804.13,"Terrible experience, product stopped working quickly."
2025-03-20,Home & Kitchen,827.12,"Excellent purchase, exceeded my expectations."
2025-03-21,Clothing,739.86,"Great quality for the price, highly recommend."
2025-03-22,Electronics,754.23,Poor packaging and the item arrived damaged.
2025-03-23,Home & Kitchen,752.7,"Excellent purchase, exceeded my expectations."
2025-03-24,Clothing,825.18,"Excellent purchase, exceeded my expectations."
2025-03-25,Clothing,718.55,"Very happy with this, will buy again."
2025-03-26,Clothing,818.5,"Excellent purchase, exceeded my expectations."
2025-03-27,Clothing,771.12,"Very happy with this, will buy again."
2025-03-28,Clothing,754.79,"Great quality for the price, highly recommend."
2025-03-29,Clothing,698.17,"It's fine for the price, no complaints."
2025-03-30,Clothing,713.51,"Excellent purchase, exceeded my expectations."
2025-03-31,Electronics,813.72,Poor packaging and the item arrived damaged.
2025-04-01,Electronics,909.78,"The product is okay, does what it says."
2025-04-02,Clothing,732.64,"Fantastic product, exactly as described."
2025-04-03,Sports,800.97,"Fantastic product, exactly as described."
2025-04-04,Clothing,774.02,"It's fine for the price, no complaints."
2025-04-05,Home & Kitchen,729.43,"Fantastic product, exactly as described."
2025-04-06,Sports,727.15,"Great quality for the price, highly recommend."
2025-04-07,Beauty,733.81,"Excellent purchase, exceeded my expectations."
2025-04-08,Home & Kitchen,797.18,"Disappointed with the quality, broke after a week."
2025-04-09,Home & Kitchen,875.47,"Not worth the money, would not recommend."
2025-04-10,Home & Kitchen,856.99,"Excellent purchase, exceeded my expectations."
2025-04-11,Electronics,765.66,"Terrible experience, product stopped working quickly."
2025-04-12,Electronics,695.75,"Excellent purchase, exceeded my expectations."
2025-04-13,Electronics,744.42,"Excellent purchase, exceeded my expectations."
2025-04-14,Electronics,777.68,"Disappointed with the quality, broke after a week."
2025-04-15,Home & Kitchen,855.74,"Absolutely love this product, works great and arrived fast!"
2025-04-16,Home & Kitchen,849.93,"Excellent purchase, exceeded my expectations."
2025-04-17,Electronics,787.5,"Great quality for the price, highly recommend."
2025-04-18,Beauty,767.54,"Average quality, nothing special but works fine."
2025-04-19,Clothing,679.83,"Absolutely love this product, works great and arrived fast!"
2025-04-20,Home & Kitchen,770.91,"Great quality for the price, highly recommend."
2025-04-21,Electronics,831.79,"The product is okay, does what it says."
2025-04-22,Beauty,783.69,"Great quality for the price, highly recommend."
2025-04-23,Electronics,858.65,"Terrible experience, product stopped working quickly."
2025-04-24,Electronics,769.05,"Terrible experience, product stopped working quickly."
2025-04-25,Clothing,798.81,"Absolutely love this product, works great and arrived fast!"
2025-04-26,Clothing,758.91,"Not worth the money, would not recommend."
2025-04-27,Home & Kitchen,724.35,"Terrible experience, product stopped working quickly."
2025-04-28,Sports,819.45,"Fantastic product, exactly as described."
2025-04-29,Electronics,808.47,"Fantastic product, exactly as described."
2025-04-30,Home & Kitchen,810.68,"Excellent purchase, exceeded my expectations."
2025-05-01,Clothing,780.26,"Average quality, nothing special but works fine."
2025-05-02,Beauty,744.34,Poor packaging and the item arrived damaged.
2025-05-03,Home & Kitchen,703.56,"Average quality, nothing special but works fine."
2025-05-04,Beauty,733.21,"Very happy with this, will buy again."
2025-05-05,Sports,748.26,"Fantastic product, exactly as described."
2025-05-06,Beauty,849.24,"Fantastic product, exactly as described."
2025-05-07,Electronics,869.92,"Fantastic product, exactly as described."
2025-05-08,Home & Kitchen,775.58,"Terrible experience, product stopped working quickly."
2025-05-09,Beauty,685.03,"Excellent purchase, exceeded my expectations."
2025-05-10,Beauty,737.35,"Not worth the money, would not recommend."
2025-05-11,Sports,764.22,"Great quality for the price, highly recommend."
2025-05-12,Clothing,757.72,"The product is okay, does what it says."
2025-05-13,Electronics,758.33,"Great quality for the price, highly recommend."
2025-05-14,Beauty,830.64,"Very happy with this, will buy again."
2025-05-15,Electronics,847.06,"Very happy with this, will buy again."
2025-05-16,Home & Kitchen,657.48,"Very happy with this, will buy again."
2025-05-17,Electronics,717.69,"Average quality, nothing special but works fine."
2025-05-18,Clothing,696.08,"Not worth the money, would not recommend."
2025-05-19,Home & Kitchen,719.74,"Absolutely love this product, works great and arrived fast!"
2025-05-20,Electronics,819.21,"Average quality, nothing special but works fine."
2025-05-21,Clothing,757.29,"Terrible experience, product stopped working quickly."
2025-05-22,Electronics,787.0,"Great quality for the price, highly recommend."
2025-05-23,Sports,773.91,"Fantastic product, exactly as described."
2025-05-24,Beauty,694.27,"Fantastic product, exactly as described."
2025-05-25,Home & Kitchen,662.0,"Absolutely love this product, works great and arrived fast!"
2025-05-26,Clothing,671.02,"Fantastic product, exactly as described."
2025-05-27,Sports,736.04,"Very happy with this, will buy again."
2025-05-28,Electronics,723.44,"It's fine for the price, no complaints."
2025-05-29,Home & Kitchen,826.76,"It's fine for the price, no complaints."
2025-05-30,Electronics,698.87,"Not worth the money, would not recommend."
2025-05-31,Home & Kitchen,632.69,"Disappointed with the quality, broke after a week."
2025-06-01,Electronics,632.24,"Excellent purchase, exceeded my expectations."
2025-06-02,Electronics,686.45,"The product is okay, does what it says."
2025-06-03,Sports,760.66,"Excellent purchase, exceeded my expectations."
2025-06-04,Electronics,732.39,"Terrible experience, product stopped working quickly."
2025-06-05,Sports,816.29,"Very happy with this, will buy again."
2025-06-06,Home & Kitchen,665.26,"Excellent purchase, exceeded my expectations."
2025-06-07,Home & Kitchen,629.35,"Disappointed with the quality, broke after a week."
2025-06-08,Home & Kitchen,682.49,"The product is okay, does what it says."
2025-06-09,Sports,773.04,"Excellent purchase, exceeded my expectations."
2025-06-10,Electronics,812.79,"Fantastic product, exactly as described."
2025-06-11,Sports,749.8,"Great quality for the price, highly recommend."
2025-06-12,Clothing,744.94,"The product is okay, does what it says."
2025-06-13,Electronics,686.49,"Average quality, nothing special but works fine."
2025-06-14,Sports,667.1,"Very happy with this, will buy again."
2025-06-15,Electronics,665.55,Poor packaging and the item arrived damaged.
2025-06-16,Clothing,662.3,"The product is okay, does what it says."
2025-06-17,Beauty,694.37,"Excellent purchase, exceeded my expectations."
2025-06-18,Electronics,761.19,"The product is okay, does what it says."
2025-06-19,Beauty,672.14,"Excellent purchase, exceeded my expectations."
2025-06-20,Home & Kitchen,719.73,"Great quality for the price, highly recommend."
2025-06-21,Home & Kitchen,632.1,"Terrible experience, product stopped working quickly."
2025-06-22,Electronics,598.81,"Average quality, nothing special but works fine."
2025-06-23,Home & Kitchen,671.65,"The product is okay, does what it says."
2025-06-24,Beauty,708.88,Poor packaging and the item arrived damaged.
2025-06-25,Electronics,733.24,"The product is okay, does what it says."
2025-06-26,Sports,741.6,"Great quality for the price, highly recommend."
2025-06-27,Sports,591.65,"Terrible experience, product stopped working quickly."
2025-06-28,Clothing,539.99,"Very happy with this, will buy again."
2025-06-29,Sports,637.53,"Fantastic product, exactly as described."
2025-06-30,Sports,661.55,"The product is okay, does what it says."
2025-07-01,Electronics,719.8,"Very happy with this, will buy again."
2025-07-02,Beauty,740.35,"The product is okay, does what it says."
2025-07-03,Sports,680.59,"Very happy with this, will buy again."
2025-07-04,Beauty,665.47,"Great quality for the price, highly recommend."
2025-07-05,Electronics,563.02,"It's fine for the price, no complaints."
2025-07-06,Clothing,610.63,"Fantastic product, exactly as described."
2025-07-07,Home & Kitchen,619.46,"Excellent purchase, exceeded my expectations."
2025-07-08,Clothing,652.14,"The product is okay, does what it says."
2025-07-09,Clothing,731.27,"The product is okay, does what it says."
2025-07-10,Electronics,694.7,"The product is okay, does what it says."
2025-07-11,Electronics,539.94,"Not worth the money, would not recommend."
2025-07-12,Clothing,538.03,"The product is okay, does what it says."
2025-07-13,Clothing,603.94,"It's fine for the price, no complaints."
2025-07-14,Home & Kitchen,679.75,"Average quality, nothing special but works fine."
2025-07-15,Sports,654.99,"It's fine for the price, no complaints."
2025-07-16,Electronics,683.65,"Excellent purchase, exceeded my expectations."
2025-07-17,Clothing,599.81,"Very happy with this, will buy again."
2025-07-18,Sports,702.52,"Absolutely love this product, works great and arrived fast!"
2025-07-19,Beauty,586.46,"Great quality for the price, highly recommend."
2025-07-20,Electronics,612.66,"Absolutely love this product, works great and arrived fast!"
2025-07-21,Home & Kitchen,647.96,"It's fine for the price, no complaints."
2025-07-22,Electronics,703.74,"Disappointed with the quality, broke after a week."
2025-07-23,Sports,700.2,"Excellent purchase, exceeded my expectations."
2025-07-24,Electronics,627.9,"Fantastic product, exactly as described."
2025-07-25,Home & Kitchen,616.92,"Very happy with this, will buy again."
2025-07-26,Clothing,555.79,"Absolutely love this product, works great and arrived fast!"
2025-07-27,Clothing,614.02,"Average quality, nothing special but works fine."
2025-07-28,Electronics,577.61,"Excellent purchase, exceeded my expectations."
2025-07-29,Clothing,630.28,"Great quality for the price, highly recommend."
2025-07-30,Clothing,687.97,"Fantastic product, exactly as described."
2025-07-31,Home & Kitchen,678.27,"The product is okay, does what it says."
2025-08-01,Clothing,578.87,"Absolutely love this product, works great and arrived fast!"
2025-08-02,Home & Kitchen,510.17,Poor packaging and the item arrived damaged.
2025-08-03,Home & Kitchen,543.59,"The product is okay, does what it says."
2025-08-04,Home & Kitchen,573.45,"Great quality for the price, highly recommend."
2025-08-05,Sports,714.3,"It's fine for the price, no complaints."
2025-08-06,Home & Kitchen,684.12,"Absolutely love this product, works great and arrived fast!"
2025-08-07,Home & Kitchen,664.48,"Average quality, nothing special but works fine."
2025-08-08,Home & Kitchen,572.11,"Excellent purchase, exceeded my expectations."
2025-08-09,Home & Kitchen,503.63,"Excellent purchase, exceeded my expectations."
2025-08-10,Clothing,582.62,"The product is okay, does what it says."
2025-08-11,Electronics,647.05,"Absolutely love this product, works great and arrived fast!"
2025-08-12,Home & Kitchen,649.4,"Average quality, nothing special but works fine."
2025-08-13,Electronics,635.09,"Fantastic product, exactly as described."
2025-08-14,Home & Kitchen,645.22,"Excellent purchase, exceeded my expectations."
2025-08-15,Sports,533.49,"The product is okay, does what it says."
2025-08-16,Beauty,544.89,"Not worth the money, would not recommend."
2025-08-17,Beauty,495.91,"Very happy with this, will buy again."
2025-08-18,Electronics,530.97,"Excellent purchase, exceeded my expectations."
2025-08-19,Electronics,637.89,"It's fine for the price, no complaints."
2025-08-20,Electronics,638.91,"It's fine for the price, no complaints."
2025-08-21,Home & Kitchen,667.71,"Fantastic product, exactly as described."
2025-08-22,Electronics,526.9,"It's fine for the price, no complaints."
2025-08-23,Electronics,505.25,Poor packaging and the item arrived damaged.
2025-08-24,Sports,469.01,"Average quality, nothing special but works fine."
2025-08-25,Clothing,485.49,"Great quality for the price, highly recommend."
2025-08-26,Electronics,534.71,"Very happy with this, will buy again."
2025-08-27,Clothing,634.87,"It's fine for the price, no complaints."
2025-08-28,Home & Kitchen,535.67,"The product is okay, does what it says."
2025-08-29,Clothing,574.63,"Disappointed with the quality, broke after a week."
2025-08-30,Electronics,552.91,"Average quality, nothing special but works fine."
2025-08-31,Clothing,495.15,"Excellent purchase, exceeded my expectations."
2025-09-01,Electronics,618.81,"Fantastic product, exactly as described."
2025-09-02,Beauty,607.51,"Average quality, nothing special but works fine."
2025-09-03,Sports,654.09,"Very happy with this, will buy again."
2025-09-04,Electronics,566.71,"Fantastic product, exactly as described."
2025-09-05,Home & Kitchen,561.2,"Great quality for the price, highly recommend."
2025-09-06,Beauty,451.83,"Excellent purchase, exceeded my expectations."
2025-09-07,Home & Kitchen,525.3,"Terrible experience, product stopped working quickly."
2025-09-08,Electronics,528.21,"The product is okay, does what it says."
2025-09-09,Electronics,587.58,"Great quality for the price, highly recommend."
2025-09-10,Clothing,629.02,"It's fine for the price, no complaints."
2025-09-11,Electronics,577.6,"Disappointed with the quality, broke after a week."
2025-09-12,Beauty,515.09,"Fantastic product, exactly as described."
2025-09-13,Clothing,514.2,"The product is okay, does what it says."
2025-09-14,Clothing,528.33,"Excellent purchase, exceeded my expectations."
2025-09-15,Beauty,487.28,"Great quality for the price, highly recommend."
2025-09-16,Electronics,611.56,Poor packaging and the item arrived damaged.
2025-09-17,Clothing,627.28,"Absolutely love this product, works great and arrived fast!"
2025-09-18,Clothing,537.61,"Fantastic product, exactly as described."
2025-09-19,Electronics,530.78,"Excellent purchase, exceeded my expectations."
2025-09-20,Beauty,429.7,"Very happy with this, will buy again."
2025-09-21,Home & Kitchen,551.66,"Absolutely love this product, works great and arrived fast!"
2025-09-22,Electronics,531.36,"Terrible experience, product stopped working quickly."
2025-09-23,Clothing,584.55,"Absolutely love this product, works great and arrived fast!"
2025-09-24,Clothing,647.14,"Absolutely love this product, works great and arrived fast!"
2025-09-25,Sports,561.07,"Disappointed with the quality, broke after a week."
2025-09-26,Home & Kitchen,538.72,"Great quality for the price, highly recommend."
2025-09-27,Sports,440.5,"Fantastic product, exactly as described."
2025-09-28,Beauty,471.33,"Very happy with this, will buy again."
2025-09-29,Beauty,485.51,"It's fine for the price, no complaints."
2025-09-30,Clothing,580.01,"Fantastic product, exactly as described."
2025-10-01,Beauty,641.44,"Very happy with this, will buy again."
2025-10-02,Clothing,576.99,"Absolutely love this product, works great and arrived fast!"
2025-10-03,Beauty,551.71,"Very happy with this, will buy again."
2025-10-04,Home & Kitchen,443.23,"Excellent purchase, exceeded my expectations."
2025-10-05,Clothing,460.98,"Fantastic product, exactly as described."
2025-10-06,Electronics,525.09,"Disappointed with the quality, broke after a week."
2025-10-07,Home & Kitchen,614.06,"Not worth the money, would not recommend."
2025-10-08,Home & Kitchen,617.58,"Absolutely love this product, works great and arrived fast!"
2025-10-09,Home & Kitchen,570.87,"Terrible experience, product stopped working quickly."
2025-10-10,Electronics,544.99,"Great quality for the price, highly recommend."
2025-10-11,Electronics,482.28,"The product is okay, does what it says."
2025-10-12,Home & Kitchen,499.82,"The product is okay, does what it says."
2025-10-13,Beauty,600.58,"The product is okay, does what it says."
2025-10-14,Electronics,572.69,"Fantastic product, exactly as described."
2025-10-15,Sports,615.92,"Excellent purchase, exceeded my expectations."
2025-10-16,Sports,641.55,"Fantastic product, exactly as described."
2025-10-17,Electronics,530.06,"Fantastic product, exactly as described."
2025-10-18,Beauty,522.8,"Terrible experience, product stopped working quickly."
2025-10-19,Clothing,482.91,"Very happy with this, will buy again."
2025-10-20,Electronics,633.45,"Great quality for the price, highly recommend."
2025-10-21,Electronics,513.25,"Very happy with this, will buy again."
2025-10-22,Clothing,570.63,"Average quality, nothing special but works fine."
2025-10-23,Electronics,542.62,"Very happy with this, will buy again."
2025-10-24,Home & Kitchen,598.76,"The product is okay, does what it says."
2025-10-25,Clothing,516.91,"Terrible experience, product stopped working quickly."
2025-10-26,Clothing,505.25,"Fantastic product, exactly as described."
2025-10-27,Sports,512.78,"Very happy with this, will buy again."
2025-10-28,Sports,626.95,"Fantastic product, exactly as described."
2025-10-29,Clothing,630.0,"Excellent purchase, exceeded my expectations."
2025-10-30,Clothing,566.76,"Very happy with this, will buy again."
2025-10-31,Home & Kitchen,484.3,"Absolutely love this product, works great and arrived fast!"
2025-11-01,Clothing,468.98,Poor packaging and the item arrived damaged.
2025-11-02,Sports,534.83,"Not worth the money, would not recommend."
2025-11-03,Clothing,587.31,"Great quality for the price, highly recommend."
2025-11-04,Electronics,626.4,"The product is okay, does what it says."
2025-11-05,Electronics,630.74,"Average quality, nothing special but works fine."
2025-11-06,Electronics,535.36,"It's fine for the price, no complaints."
2025-11-07,Electronics,557.8,"Very happy with this, will buy again."
2025-11-08,Sports,483.93,"Not worth the money, would not recommend."
2025-11-09,Home & Kitchen,540.37,"It's fine for the price, no complaints."
2025-11-10,Home & Kitchen,606.13,"Excellent purchase, exceeded my expectations."
2025-11-11,Sports,609.35,"Absolutely love this product, works great and arrived fast!"
2025-11-12,Home & Kitchen,609.03,"Fantastic product, exactly as described."
2025-11-13,Home & Kitchen,659.25,"It's fine for the price, no complaints."
2025-11-14,Electronics,583.56,"Average quality, nothing special but works fine."
2025-11-15,Clothing,513.65,"Absolutely love this product, works great and arrived fast!"
2025-11-16,Home & Kitchen,432.8,"Fantastic product, exactly as described."
2025-11-17,Beauty,599.9,"Not worth the money, would not recommend."
2025-11-18,Clothing,676.12,"Not worth the money, would not recommend."
2025-11-19,Clothing,709.6,"Excellent purchase, exceeded my expectations."
2025-11-20,Clothing,607.4,"Absolutely love this product, works great and arrived fast!"
2025-11-21,Clothing,558.99,"Terrible experience, product stopped working quickly."
2025-11-22,Home & Kitchen,536.83,"Disappointed with the quality, broke after a week."
2025-11-23,Sports,601.97,"Average quality, nothing special but works fine."
2025-11-24,Sports,570.72,"Fantastic product, exactly as described."
2025-11-25,Home & Kitchen,662.48,"Very happy with this, will buy again."
2025-11-26,Electronics,643.95,"Average quality, nothing special but works fine."
2025-11-27,Electronics,661.69,"Very happy with this, will buy again."
2025-11-28,Home & Kitchen,539.14,"Average quality, nothing special but works fine."
2025-11-29,Sports,586.39,"Average quality, nothing special but works fine."
2025-11-30,Electronics,565.56,"The product is okay, does what it says."
2025-12-01,Beauty,625.9,"Average quality, nothing special but works fine."
2025-12-02,Sports,705.34,"Absolutely love this product, works great and arrived fast!"
2025-12-03,Electronics,744.22,"Very happy with this, will buy again."
2025-12-04,Sports,600.71,"Not worth the money, would not recommend."
2025-12-05,Home & Kitchen,659.27,"Absolutely love this product, works great and arrived fast!"
2025-12-06,Beauty,611.62,"Average quality, nothing special but works fine."
2025-12-07,Home & Kitchen,591.74,"It's fine for the price, no complaints."
2025-12-08,Home & Kitchen,709.26,"Absolutely love this product, works great and arrived fast!"
2025-12-09,Sports,710.24,"Absolutely love this product, works great and arrived fast!"
2025-12-10,Beauty,768.71,"It's fine for the price, no complaints."
2025-12-11,Clothing,663.51,"Absolutely love this product, works great and arrived fast!"
2025-12-12,Clothing,603.22,"Terrible experience, product stopped working quickly."
2025-12-13,Sports,657.16,"It's fine for the price, no complaints."
2025-12-14,Electronics,709.08,"Excellent purchase, exceeded my expectations."
2025-12-15,Clothing,697.54,"Average quality, nothing special but works fine."
2025-12-16,Electronics,757.53,"Great quality for the price, highly recommend."
2025-12-17,Clothing,717.31,"It's fine for the price, no complaints."
2025-12-18,Home & Kitchen,653.6,"Terrible experience, product stopped working quickly."
2025-12-19,Electronics,648.32,"Fantastic product, exactly as described."
2025-12-20,Clothing,687.74,"Excellent purchase, exceeded my expectations."
2025-12-21,Home & Kitchen,567.73,"The product is okay, does what it says."
2025-12-22,Clothing,672.08,"Very happy with this, will buy again."
2025-12-23,Beauty,665.07,"Great quality for the price, highly recommend."
2025-12-24,Clothing,760.43,"Absolutely love this product, works great and arrived fast!"
2025-12-25,Clothing,761.47,"Absolutely love this product, works great and arrived fast!"
2025-12-26,Beauty,627.59,"The product is okay, does what it says."
2025-12-27,Home & Kitchen,631.33,"It's fine for the price, no complaints."
2025-12-28,Clothing,715.19,"Great quality for the price, highly recommend."
2025-12-29,Electronics,708.41,"Average quality, nothing special but works fine."
2025-12-30,Sports,712.17,"Excellent purchase, exceeded my expectations."
2025-12-31,Electronics,723.56,"Very happy with this, will buy again."
